"parameter","mean","sd","50","2.5","97.5","Rhat","neff","min","max","truth","parents_detected","pop_growth_est_yrs","pop_growth_all_yrs","total_samples","pop_size_mean","iteration"
"Nf",535.288399800491,112.411640239016,520.113911446618,361.027585358153,796.541888077014,1.002,4867,502,591,567,25,0.999122396826582,1.00101503070053,240,11085,1
"Nm",838.796848284911,209.643737688146,809.945895075488,512.968349689149,1332.68987602556,1.001,4550,497,588,528,16,0.999122396826582,1.00101503070053,240,11085,1
"Nf",450.214778251107,69.8251897023265,442.291745413575,336.370168374834,603.170479562274,1,5374,502,591,567,44,0.999122396826582,1.00101503070053,300,11085,1
"Nm",669.355664589381,125.563424645092,654.171385159778,465.227693393692,963.102568094479,1,5175,497,588,528,30,0.999122396826582,1.00101503070053,300,11085,1
"Nf",645.732964959724,98.3155282599518,636.034840886995,480.483761570508,867.156066094741,1,5625,502,591,567,43,0.999122396826582,1.00101503070053,360,11085,1
"Nm",712.581852832145,115.111575562684,698.992120420287,522.30765545752,973.944842643596,1,5088,497,588,528,39,0.999122396826582,1.00101503070053,360,11085,1
